threads,wall_speedup,diagg1_speedup,diagg2_speedup,density_speedup,buildf_speedup
1,1.00000000,1.00000000,1.00000000,1.00000000,1.00000000
2,1.58652416,1.51325247,1.19274809,1.84414587,1.90424242
4,2.67361002,2.71215781,1.58763760,3.34773519,3.64501160
8,3.34201253,4.22382445,1.38580931,4.40733945,4.63421829
16,3.30961613,5.19830247,1.03935698,4.36727273,5.49300699
