threads,n,wall_mean,diagg1_mean,diagg2_mean,density_mean,buildf_mean,hof_kj_mean,wall_std,diagg1_std,diagg2_std,density_std,buildf_std,hof_kj_std
1,3,56.90333333,22.45666667,6.25000000,16.01333333,10.47333333,-41628.25837000,0.22854613,0.15044379,0.05291503,0.03511885,0.03055050,0.00000000
2,3,35.86666667,14.84000000,5.24000000,8.68333333,5.50000000,-41628.25838000,0.14224392,0.09539392,0.05000000,0.04509250,0.07000000,0.00000000
4,3,21.28333333,8.28000000,3.93666667,4.78333333,2.87333333,-41628.25836000,0.03055050,0.05567764,0.04041452,0.03055050,0.04509250,0.00000000
8,3,17.02666667,5.31666667,4.51000000,3.63333333,2.26000000,-41628.25836000,0.10598742,0.01154701,0.14525839,0.01154701,0.01732051,0.00000000
16,3,17.19333333,4.32000000,6.01333333,3.66666667,1.90666667,-41628.25836000,0.30892286,0.07937254,0.12662280,0.04618802,0.04618802,0.00000000
