threads,diagg2_old,diagg2_new,diagg2_ratio_new_over_old,wall_old,wall_new,wall_ratio_new_over_old
1,6.25333333,6.25000000,0.99946695,57.55333333,56.90333333,0.98870613
2,5.23000000,5.24000000,1.00191205,36.15000000,35.86666667,0.99216229
4,3.86000000,3.93666667,1.01986183,21.18000000,21.28333333,1.00487882
8,4.48333333,4.51000000,1.00594796,17.07666667,17.02666667,0.99707203
16,5.99666667,6.01333333,1.00277932,17.21666667,17.19333333,0.99864472
