threads,diagg2_old,diagg2_new,diagg2_ratio_new_over_old,wall_old,wall_new,wall_ratio_new_over_old
1,6.22000000,6.25000000,1.00482315,57.06666700,56.90333333,0.99713784
2,6.15666700,5.24000000,0.85110986,45.72666700,35.86666667,0.78437089
4,5.82333300,3.93666667,0.67601607,27.53333300,21.28333333,0.77300243
8,8.09666700,4.51000000,0.55701933,33.32666700,17.02666667,0.51090218
16,15.09200000,6.01333333,0.39844509,32.86000000,17.19333333,0.52322986
