threads,n,wall_mean,diagg1_mean,diagg2_mean,density_mean,buildf_mean,hof_kj_mean,wall_std,diagg1_std,diagg2_std,density_std,buildf_std,hof_kj_std
1,3,57.55333333,22.76666667,6.25333333,16.16666667,10.74666667,-41628.25837000,0.37581024,0.15885003,0.04163332,0.10503968,0.09018500,0.00000000
2,3,36.15000000,14.95666667,5.23000000,8.75000000,5.55000000,-41628.25838000,0.20223748,0.10408330,0.03605551,0.06244998,0.05000000,0.00000000
4,3,21.18000000,8.27666667,3.86000000,4.79333333,2.84000000,-41628.25836000,0.02645751,0.00577350,0.04582576,0.04041452,0.01000000,0.00000000
8,3,17.07666667,5.35000000,4.48333333,3.68000000,2.25333333,-41628.25836000,0.13613719,0.04358899,0.12858201,0.03464102,0.00577350,0.00000000
16,3,17.21666667,4.37666667,5.99666667,3.63000000,1.88666667,-41628.25836000,0.07505553,0.04163332,0.05033223,0.06082763,0.08504901,0.00000000
