threads,n,wall_mean_s,wall_std_s,buildf_mean_s,buildf_std_s,density_mean_s,density_std_s,diagg1_mean_s,diagg1_std_s,diagg2_mean_s,diagg2_std_s,heat_mean_kjmol,heat_std_kjmol
1,3,57.066667,0.070396,10.990000,0.049666,16.063333,0.026247,22.530000,0.057155,6.220000,0.016330,-41628.25837000,0.0000000000
2,3,45.726667,0.057349,9.796667,0.026247,11.793333,0.037712,16.600000,0.049666,6.156667,0.012472,-41628.25838000,0.0000000000
4,3,27.533333,0.118977,5.063333,0.004714,6.443333,0.041096,9.103333,0.053125,5.823333,0.004714,-41628.25836000,0.0000000000
8,3,33.326667,0.154560,7.010000,0.053541,8.783333,0.018856,8.133333,0.077172,8.096667,0.188385,-41628.25836000,0.0000000000
16,5,32.860000,2.058737,5.258000,0.256468,5.490000,0.074833,5.694000,0.098102,15.092000,1.840841,-41628.25836000,0.0000000000
