threads,wall_vs_old_t1_speedup,diagg1_vs_old_t1_speedup,diagg2_vs_old_t1_speedup,density_vs_old_t1_speedup,buildf_vs_old_t1_speedup
1,1.003493476120138,1.0067024128686328,1.00941252839987,0.9984667454002983,1.0348399246704332
2,1.6096882263341985,1.52807921866522,1.3359106529209623,1.8295367881548976,1.9240196078431373
4,2.6545105126058237,2.460681520314548,2.375859434682964,3.1472047413793103,3.427947598253275
8,3.5904534415502707,3.7129202373104815,2.947867298578199,3.976072524752475,4.4820554649265905
16,4.0432667564120734,4.639621087314663,2.6046901172529315,4.396095511767926,5.827147401908802
