threads,wall_speedup,diagg1_speedup,diagg2_speedup,density_speedup,buildf_speedup
1,1.00000000,1.00000000,1.00000000,1.00000000,1.00000000
2,1.60408440,1.51790559,1.32345361,1.83234624,1.85924370
4,2.64526933,2.44429882,2.35370512,3.15203762,3.31253899
8,3.57795394,3.68820040,2.92037915,3.98217822,4.33115824
16,4.02919087,4.60873147,2.58040201,4.40284620,5.63096501
