threads,n,wall_mean,diagg1_mean,diagg2_mean,density_mean,buildf_mean,hof_kj_mean,wall_std,diagg1_std,diagg2_std,density_std,buildf_std,hof_kj_std
1,5,56.86800000,22.38000000,6.16200000,16.08800000,10.62000000,-41628.25837000,0.53396629,0.28222332,0.07563068,0.13236314,0.08455767,0.00000000
2,5,35.45200000,14.74400000,4.65600000,8.78000000,5.71200000,-41628.23135400,3.42780834,1.67470296,0.17868968,1.00144895,0.69442062,0.01710863
4,5,21.49800000,9.15600000,2.61800000,5.10400000,3.20600000,-41628.22615800,0.22698018,0.07987490,0.04868265,0.04505552,0.13126309,0.00008871
8,5,15.89400000,6.06800000,2.11000000,4.04000000,2.45200000,-41628.23677000,0.30729465,0.19305440,0.26551836,0.16852300,0.10733126,0.02365760
16,5,14.11400000,4.85600000,2.38800000,3.65400000,1.88600000,-41628.24199800,0.38939697,0.24285798,0.44482581,0.25481366,0.14536162,0.02381112
